threshold,precision,recall,f1
0.0009174030196678881,0.09560362875087229,1.0,0.17452229299363056
0.0012612496885179485,0.0958041958041958,1.0,0.1748564135290364
0.0013544894023209176,0.09587123862841147,1.0,0.17496807151979565
0.0014566304895609922,0.09600560616678346,1.0,0.17519181585677748
0.0015873129545256152,0.09607293127629733,1.0,0.17530390275111965
0.0019181187019371108,0.09647887323943662,1.0,0.17597944765574824
0.002130637783815064,0.09668313338038109,1.0,0.17631917631917632
0.0021370520158184242,0.09675141242937853,1.0,0.17643271088216356
0.002160051871803779,0.09709425939050319,1.0,0.17700258397932817
0.002461240170802434,0.09730113636363637,1.0,0.1773462783171521
0.0024773849577009693,0.09750889679715302,1.0,0.17769130998702984
0.0032061250852427592,0.09757834757834757,1.0,0.17780661907852044
0.00321587532220722,0.09764789736279401,1.0,0.17792207792207793
0.003263771147516196,0.09785714285714285,1.0,0.1782693558880937
0.00343512939892541,0.09792709077912795,1.0,0.17838541666666666
0.003686592272007186,0.09799713876967096,1.0,0.17850162866449512
0.0038082128722655363,0.09806728704366499,1.0,0.17861799217731422
0.004368924696368539,0.09813753581661891,1.0,0.17873450750163078
0.004499059263619553,0.0982078853046595,1.0,0.17885117493472585
0.004560836509938398,0.09834888729361091,1.0,0.17908496732026144
0.004790653330397939,0.098490294751977,1.0,0.1793193717277487
0.005183351670648009,0.09863210943124551,1.0,0.17955439056356487
0.005301479748765759,0.09898843930635838,1.0,0.18014464168310323
0.0053282104367772315,0.09934735315445975,1.0,0.18073878627968337
0.00554835030254939,0.09956395348837209,1.0,0.1810971579643093
0.005586164917094104,0.099927060539752,1.0,0.1816976127320955
0.005621320807887896,0.10007304601899196,1.0,0.18193891102257637
0.006046553915079581,0.10021945866861741,1.0,0.18218085106382978
0.006401842535270201,0.10051357300073367,1.0,0.18266666666666667
0.006767839499412949,0.10066127847171198,1.0,0.1829105473965287
0.006770093642804802,0.10103244837758112,1.0,0.18352310783657066
0.0069367349670051955,0.10118168389955687,1.0,0.18376928236083165
0.007116409987998535,0.10125646711012565,1.0,0.18389261744966443
0.007246769907990624,0.10140636565507032,1.0,0.18413978494623656
0.007755281637729212,0.10155670867309118,1.0,0.18438761776581428
0.007762859544363277,0.10178306092124814,1.0,0.18476062036412677
0.007828355509552071,0.10208643815201192,1.0,0.1852603110209601
0.00796980002818905,0.10223880597014925,1.0,0.1855111712931618
0.008567988519325078,0.10262172284644194,1.0,0.18614130434782608
0.008632286181236985,0.10277569392348088,1.0,0.18639455782312925
0.008704761089779188,0.10316265060240964,1.0,0.18703071672354948
0.008819802537207422,0.1033182503770739,1.0,0.1872863978127136
0.009148225697398173,0.10363086232980333,1.0,0.18779986291980807
0.009309211244859072,0.1039453717754173,1.0,0.18831615120274914
0.00931170669914071,0.10418250950570342,1.0,0.1887052341597796
0.009598569398449584,0.10426179604261795,1.0,0.18883528600964852
0.009769533101090326,0.10434120335110435,1.0,0.1889655172413793
0.00984060635733594,0.10442073170731707,1.0,0.189095928226363
0.009845563465154498,0.10450038138825324,1.0,0.18922651933701656
0.009940425531426324,0.10482019892884469,1.0,0.18975069252077562
0.010155250181980538,0.10490045941807044,1.0,0.18988218988218988
0.010284301616890907,0.10522273425499232,1.0,0.19041000694927032
0.010347990529526011,0.10546574287913779,1.0,0.19080779944289694
0.0105948126227149,0.10570987654320987,1.0,0.19120725750174458
0.010722709107403321,0.10579150579150579,1.0,0.19134078212290503
0.010857980555056379,0.10595514307811292,1.0,0.1916083916083916
0.010999389803201018,0.10611928737412858,1.0,0.19187675070028012
0.011145853406562361,0.1062015503875969,1.0,0.1920112123335669
0.011314407182211045,0.10628394103956555,1.0,0.19214586255259467
0.011393311566949678,0.10653188180404355,1.0,0.19255094869992972
0.011477517196146491,0.1066147859922179,1.0,0.19268635724331926
0.011531740483331856,0.10678098207326578,1.0,0.19295774647887323
0.011758954653799218,0.10703125,1.0,0.19336626676076218
0.011817070666925522,0.10711493354182955,1.0,0.19350282485875706
0.012234192709622766,0.10728269381362568,1.0,0.19377652050919378
0.01234081216475159,0.10736677115987461,1.0,0.19391365888181175
0.01261428429354775,0.10745098039215686,1.0,0.19405099150141644
0.012707007952045404,0.1075353218210361,1.0,0.19418851878100638
0.012935058111754204,0.1078740157480315,1.0,0.1947405828002843
0.012963720917459483,0.10795902285263988,1.0,0.19487908961593173
0.013107390394215683,0.10812943962115233,1.0,0.19515669515669515
0.013718841531360954,0.10821484992101106,1.0,0.19529579472558803
0.013861832303041265,0.108300395256917,1.0,0.19543509272467904
0.013987293055204388,0.10847189231987332,1.0,0.1957142857142857
0.014117264370765398,0.10864393338620143,1.0,0.19599427753934193
0.01431340483841258,0.10881652104845115,1.0,0.19627507163323782
0.015026955824456152,0.10898965791567224,1.0,0.19655667144906744
0.015068611409944933,0.10916334661354582,1.0,0.1968390804597701
0.015150732882452368,0.10925039872408293,1.0,0.196980589503954
0.015698470319359132,0.10942492012779553,1.0,0.19726421886249101
0.015782182342445748,0.10968775020016013,1.0,0.1976911976911977
0.015829296401819903,0.10977564102564102,1.0,0.19783393501805055
0.015829327809100176,0.11021721641190668,1.0,0.19855072463768117
0.01583974692264435,0.11039484286865431,1.0,0.1988388969521045
0.016087506955210638,0.11057304277643261,1.0,0.19912790697674418
0.01610816776499463,0.11075181891673404,1.0,0.19941775836972345
0.016350529978376466,0.11102106969205834,1.0,0.199854121079504
0.016442606799778044,0.1112012987012987,1.0,0.20014609203798392
0.016673256878063994,0.11138211382113822,1.0,0.20043891733723482
0.016676371533971935,0.11165444172779136,1.0,0.20087976539589442
0.01673863479733509,0.11183673469387755,1.0,0.2011747430249633
0.016765423206280036,0.11201962387571546,1.0,0.20147058823529412
0.01684357631388872,0.11229508196721312,1.0,0.2019159911569639
0.01686983178381555,0.11275720164609053,1.0,0.20266272189349113
0.016952466374371037,0.11294311624072548,1.0,0.20296296296296296
0.017181705504189373,0.11312964492155243,1.0,0.2032640949554896
0.017208368012756606,0.11322314049586776,1.0,0.20341499628804752
0.017248826312932883,0.11341059602649006,1.0,0.2037174721189591
0.017262705007756205,0.11350455675227837,1.0,0.20386904761904762
0.017739833925849522,0.11388196176226101,1.0,0.2044776119402985
0.017795404427096238,0.11397670549084858,1.0,0.2046303211351755
0.01787204874549442,0.11407160699417153,1.0,0.20478325859491778
0.017891299018013077,0.11416666666666667,1.0,0.2049364248317128
0.017942168132645563,0.11435726210350584,1.0,0.20524344569288389
0.018223791361705648,0.11464435146443515,1.0,0.2057057057057057
0.018240761502142964,0.11483654652137469,1.0,0.20601503759398496
0.018401839623774455,0.11493288590604027,1.0,0.20617005267118135
0.018534463710334084,0.11512605042016806,1.0,0.20648078372268275
0.018654933683153848,0.1152228763666947,1.0,0.2066365007541478
0.018728619906922293,0.11561181434599156,1.0,0.20726172465960666
0.01888258438985411,0.1158072696534235,1.0,0.20757575757575758
0.01903861769956964,0.11610169491525424,1.0,0.20804859529233105
0.019204022602763535,0.11629881154499151,1.0,0.20836501901140683
0.019369780760460593,0.11639762107051826,1.0,0.2085235920852359
0.019790890193753397,0.11649659863945579,1.0,0.2086824067022087
0.02000272708004841,0.11669505962521294,1.0,0.20900076277650648
0.0204692053362612,0.11689419795221843,1.0,0.20932009167303284
0.020640272367887427,0.11699402220324509,1.0,0.20948012232415902
0.020667970891128918,0.1170940170940171,1.0,0.20964039785768937
0.020797812163138973,0.11719418306244654,1.0,0.20980091883614088
0.02097129288267842,0.11739502999143102,1.0,0.21012269938650308
0.021264454645244766,0.11759656652360514,1.0,0.21044546850998463
0.021814362890106454,0.11769759450171821,1.0,0.21060722521137587
0.022192304293417578,0.117798796216681,1.0,0.21076923076923076
0.022385223906427845,0.11790017211703958,1.0,0.21093148575827558
0.0224888499073695,0.1182053494391717,1.0,0.21141975308641975
0.02261337412710645,0.11830742659758203,1.0,0.21158301158301157
0.022687468631676123,0.11871750433275563,1.0,0.21223857474825716
0.022778921023701215,0.1189236111111111,1.0,0.2125678820791311
0.023110176053612437,0.11923411662315056,1.0,0.2130637636080871
0.02347235961665936,0.11944202266782912,1.0,0.21339563862928349
0.023598846799643258,0.11975524475524475,1.0,0.21389539422326306
0.02363526975717434,0.11986001749781278,1.0,0.2140625
0.023900415848569303,0.11996497373029773,1.0,0.2142298670836591
0.02417529968901379,0.1202809482001756,1.0,0.21473354231974923
0.024383856890026593,0.12049252418645559,1.0,0.2150706436420722
0.024735333970600314,0.12081128747795414,1.0,0.2155782848151062
0.025254490013094596,0.1209179170344219,1.0,0.215748031496063
0.025341159969207425,0.121131741821397,1.0,0.21608832807570977
0.025608307809301355,0.12123893805309735,1.0,0.21625887924230466
0.02564036072349963,0.12134632418069087,1.0,0.21642969984202212
0.025797461810944992,0.1216696269982238,1.0,0.21694378463974665
0.025928548419185387,0.12177777777777778,1.0,0.21711568938193343
0.026277487889148944,0.12188612099644128,1.0,0.21728786677240286
0.026686836993338736,0.1224307417336908,1.0,0.21815286624203822
0.026956123299384564,0.12275985663082438,1.0,0.21867517956903432
0.02697520499719353,0.12309074573225516,1.0,0.2192
0.027094413548981566,0.12331233123312331,1.0,0.21955128205128205
0.027156325852929302,0.12353471596032461,1.0,0.21990369181380418
0.027184330476381018,0.12386980108499096,1.0,0.22043443282381336
0.027285189668437914,0.12443233424159855,1.0,0.22132471728594508
0.027998677809547522,0.12454545454545454,1.0,0.22150363783346808
0.02808848696803532,0.12465878070973613,1.0,0.22168284789644013
0.028152792742603388,0.12477231329690346,1.0,0.22186234817813766
0.02843973196756001,0.125,1.0,0.2222222222222222
0.028838172903436342,0.12522851919561243,1.0,0.22258326563769293
0.02901496942259801,0.1253430924062214,1.0,0.22276422764227644
0.029415629997980912,0.12545787545787546,1.0,0.2229454841334418
0.029459078665449705,0.12557286892758937,1.0,0.22312703583061888
0.029461350131722595,0.12603495860165592,1.0,0.2238562091503268
0.030099253542894184,0.1261510128913444,1.0,0.22403924775143091
0.030392182154868528,0.1266173752310536,1.0,0.2247744052502051
0.030412056779603555,0.12708719851576994,1.0,0.22551440329218106
0.030928344635856406,0.12720519962859797,1.0,0.2257001647446458
0.031425609265138314,0.12732342007434944,1.0,0.22588623248145095
0.031501183004397186,0.12756052141527002,1.0,0.22625928984310487
0.03154841314357901,0.12779850746268656,1.0,0.22663358147229115
0.03160361198938996,0.12791783380018673,1.0,0.22682119205298013
0.03229904239675494,0.1280373831775701,1.0,0.22700911350455674
0.03232772977152662,0.12863849765258217,1.0,0.22795341098169716
0.03250183696770018,0.1287593984962406,1.0,0.22814321398834306
0.03301947487772511,0.1288805268109125,1.0,0.22833333333333333
0.033164928775956073,0.12900188323917136,1.0,0.2285237698081735
0.03347588250218035,0.1291234684260132,1.0,0.2287145242070117
0.033477129072864896,0.12948960302457466,1.0,0.2292887029288703
0.033559690509372436,0.12998102466793168,1.0,0.23005877413937867
0.03360623623856924,0.13022813688212928,1.0,0.2304457527333894
0.03393732531024188,0.1306005719733079,1.0,0.23102866779089376
0.03405605334432175,0.13072519083969467,1.0,0.23122362869198312
0.03452122867950396,0.1308500477554919,1.0,0.23141891891891891
0.034901964427673494,0.13097514340344169,1.0,0.231614539306847
0.035596593739473804,0.13110047846889952,1.0,0.23181049069373943
0.03576526395532387,0.13135186960690318,1.0,0.23220338983050848
0.035845542009692935,0.13147792706333974,1.0,0.23240033927056827
0.036034200049230664,0.13173076923076923,1.0,0.23279524214103653
0.03705125265955198,0.13185755534167468,1.0,0.23299319727891157
0.03710238020827703,0.13198458574181118,1.0,0.23319148936170211
0.037247577416261266,0.13223938223938225,1.0,0.23358908780903667
0.03735291767403853,0.13262342691190707,1.0,0.2341880341880342
0.03769095876484738,0.13313896987366375,1.0,0.23499142367066894
0.03778625856401506,0.13339824732229796,1.0,0.23539518900343642
0.03783717890263994,0.13352826510721247,1.0,0.235597592433362
0.038157132577779314,0.13365853658536586,1.0,0.23580034423407917
0.03818818742645973,0.1337890625,1.0,0.2360034453057709
0.038328301517886146,0.13457760314341846,1.0,0.23722943722943723
0.038430245180211334,0.13497536945812807,1.0,0.2378472222222222
0.03897584996638864,0.1351084812623274,1.0,0.2380538662033015
0.03916407330456524,0.13524185587364265,1.0,0.2382608695652174
0.03959968031032598,0.13537549407114624,1.0,0.23846823324630112
0.04058935168945577,0.13564356435643565,1.0,0.23888404533565824
0.040818514019759174,0.13577799801783944,1.0,0.23909249563699825
0.04093518539116772,0.1359126984126984,1.0,0.23930131004366811
0.04097111006842468,0.136318407960199,1.0,0.23992994746059546
0.04115077118957909,0.13645418326693226,1.0,0.2401402278702892
0.04139392706688782,0.1365902293120638,1.0,0.24035087719298245
0.04149078150004972,0.13713713713713713,1.0,0.24119718309859156
0.04170211773933711,0.1372745490981964,1.0,0.24140969162995596
0.041752479584549446,0.13755020080321284,1.0,0.2418358340688438
0.04179354345945452,0.13768844221105528,1.0,0.2420494699646643
0.04232050939373399,0.1379657603222558,1.0,0.2424778761061947
0.04239986873855003,0.13824419778002017,1.0,0.2429078014184397
0.042660042338723204,0.13866396761133604,1.0,0.24355555555555555
0.042803307282958926,0.13880445795339413,1.0,0.24377224199288255
0.04303352872633741,0.13908629441624365,1.0,0.24420677361853832
0.04344720642766276,0.13922764227642276,1.0,0.24442462087421946
0.04378690298077237,0.13979591836734695,1.0,0.24529991047448524
0.044042329046569025,0.13993871297242083,1.0,0.24551971326164876
0.044608636067452495,0.14008179959100203,1.0,0.24573991031390136
0.045025859295175295,0.1403688524590164,1.0,0.24618149146451032
0.045383380701216766,0.1408016443987667,1.0,0.24684684684684685
0.04559635386092823,0.14094650205761317,1.0,0.24706943192064923
0.0458066436745734,0.141091658084449,1.0,0.24729241877256317
0.04612272220869829,0.14123711340206185,1.0,0.24751580849141824
0.046345117578503334,0.1415289256198347,1.0,0.24796380090497738
0.04655190923999281,0.14182194616977226,1.0,0.2484134179510426
0.046610482761402984,0.14196891191709846,1.0,0.24863883847549909
0.046869137647655226,0.14241164241164242,1.0,0.24931756141947226
0.04704297480273068,0.1425598335067638,1.0,0.2495446265938069
0.0473549132606483,0.1430062630480167,1.0,0.2502283105022831
0.047727156106308094,0.14345549738219895,1.0,0.2509157509157509
0.04780150002555217,0.14360587002096437,1.0,0.25114573785517874
0.047914568118433414,0.14375655823714587,1.0,0.25137614678899084
0.048099255908382356,0.14436248682824027,1.0,0.2523020257826888
0.048208190394261864,0.14451476793248946,1.0,0.25253456221198156
0.048372993248193295,0.14482029598308668,1.0,0.2530009233610342
0.048379245604695385,0.1451271186440678,1.0,0.2534690101757632
0.048950667833391005,0.1454352441613588,1.0,0.25393883225208524
0.049209134039212024,0.14558979808714134,1.0,0.2541743970315399
0.04939889916146147,0.14574468085106382,1.0,0.25441039925719594
0.049536570267159095,0.14589989350372737,1.0,0.25464684014869887
0.0500660347488819,0.1460554371002132,1.0,0.25488372093023254
0.05008073044813211,0.14636752136752137,1.0,0.255358807082945
0.05019777581506702,0.146524064171123,1.0,0.2555970149253731
0.05073602010954528,0.14668094218415417,1.0,0.25583566760037346
0.05093338579506493,0.14715359828141783,1.0,0.2565543071161049
0.05105536399506228,0.14731182795698924,1.0,0.25679475164011245
0.05115670504286632,0.147470398277718,1.0,0.2570356472795497
0.051541032138537085,0.1476293103448276,1.0,0.25727699530516435
0.051585665679014875,0.14778856526429343,1.0,0.2575187969924812
0.051655012524819785,0.14794816414686826,1.0,0.257761053621825
0.051738790945726525,0.14810810810810812,1.0,0.2580037664783427
0.05206800980265045,0.14826839826839827,1.0,0.2582469368520264
0.05222536983974145,0.14842903575297942,1.0,0.25849056603773585
0.052392222999680466,0.14859002169197397,1.0,0.2587346553352219
0.05250999627571691,0.14891304347826087,1.0,0.25922421948912017
0.05312645047660488,0.14907508161044614,1.0,0.25946969696969696
0.05357287721096769,0.14923747276688454,1.0,0.25971563981042656
0.05362664998853675,0.14956331877729256,1.0,0.26020892687559355
0.054298499870869356,0.15005476451259583,1.0,0.26095238095238094
0.05436233234465666,0.150384193194292,1.0,0.26145038167938933
0.05489516784542668,0.15054945054945054,1.0,0.2617000955109838
0.05547245485371257,0.15088105726872247,1.0,0.26220095693779905
0.05561441914442822,0.15104740904079383,1.0,0.2624521072796935
0.05575185892414712,0.15121412803532008,1.0,0.26270373921380635
0.05584063379253747,0.1515486725663717,1.0,0.2632084534101825
0.05600838418893519,0.15171650055370986,1.0,0.26346153846153847
0.056038517775351376,0.15188470066518847,1.0,0.26371511068334935
0.05669877664710795,0.15222222222222223,1.0,0.26422372227579555
0.05747207977555368,0.15239154616240266,1.0,0.2644787644787645
0.05750621938357221,0.1527313266443701,1.0,0.26499032882011603
0.05761016723057864,0.15307262569832403,1.0,0.2655038759689923
0.05784074351404975,0.15358744394618834,1.0,0.2662779397473275
0.05836085500485867,0.1537598204264871,1.0,0.26653696498054474
0.058364570854475425,0.15427927927927929,1.0,0.2673170731707317
0.05871464064513613,0.1544532130777903,1.0,0.267578125
0.05904763467632927,0.154627539503386,1.0,0.2678396871945259
0.05958836332519465,0.15480225988700566,1.0,0.26810176125244617
0.0601244424591971,0.15497737556561086,1.0,0.2683643486777669
0.060743247698886484,0.1551528878822197,1.0,0.26862745098039215
0.06075480638768368,0.15532879818594103,1.0,0.2688910696761531
0.061163953626874885,0.15550510783200908,1.0,0.2691552062868369
0.06294707806965906,0.1558589306029579,1.0,0.26968503937007876
0.06341089579082104,0.15621436716077536,1.0,0.2702169625246548
0.0636552083020535,0.15693012600229095,1.0,0.2712871287128713
0.06368443139717789,0.15711009174311927,1.0,0.27155599603567887
0.06377665744486562,0.15729047072330654,1.0,0.2718253968253968
0.06385597565190079,0.1578341013824885,1.0,0.272636815920398
0.06386287075088744,0.1580161476355248,1.0,0.2729083665338645
0.0640324703412744,0.1581986143187067,1.0,0.2731804586241276
0.06461531301610447,0.15838150289017341,1.0,0.27345309381237526
0.06486967444810851,0.15874855156431056,1.0,0.274
0.06495312559866535,0.15893271461716937,1.0,0.27427427427427425
0.06523394459436216,0.15985997666277713,1.0,0.27565392354124746
0.06571924223439299,0.16004672897196262,1.0,0.2759315206445116
0.06582102711869103,0.16042154566744732,1.0,0.27648839556004035
0.06621512499234507,0.1607981220657277,1.0,0.2770475227502528
0.06689293582201199,0.1609870740305523,1.0,0.2773279352226721
0.0669259699371988,0.1615566037735849,1.0,0.2781725888324873
0.06724983932221795,0.16193853427895982,1.0,0.2787385554425229
0.06774447952544538,0.1621301775147929,1.0,0.2790224032586558
0.06776212570057605,0.1623222748815166,1.0,0.2793068297655454
0.06838844879613529,0.1629013079667063,1.0,0.28016359918200406
0.06978415932004763,0.16348448687350836,1.0,0.28102564102564104
0.07006724656347627,0.16367980884109917,1.0,0.2813141683778234
0.07075871070491381,0.1642685851318945,1.0,0.282183316168898
0.07136487266330896,0.1648616125150421,1.0,0.2830578512396694
0.07227294993950845,0.16545893719806765,1.0,0.2839378238341969
0.07262219283101874,0.1656590084643289,1.0,0.2842323651452282
0.07324724898435797,0.16585956416464892,1.0,0.284527518172378
0.07381738162078501,0.16606060606060605,1.0,0.28482328482328484
0.07385159964336274,0.1662621359223301,1.0,0.2851196670135276
0.07443074019131349,0.16646415552855406,1.0,0.28541666666666665
0.07461090722223856,0.16727716727716727,1.0,0.28661087866108786
0.0751246474685459,0.16748166259168704,1.0,0.2869109947643979
0.07522517657862687,0.16789215686274508,1.0,0.28751311647429173
0.0754818337334871,0.16809815950920245,1.0,0.28781512605042014
0.07559340086383862,0.1683046683046683,1.0,0.288117770767613
0.07574387985740076,0.16851168511685116,1.0,0.28842105263157897
0.07641073767929013,0.16934487021013597,1.0,0.28964059196617337
0.07658968426500379,0.17039800995024876,1.0,0.2911795961742827
0.07659702379710334,0.1708229426433915,1.0,0.29179978700745474
0.07707983043289343,0.17125,1.0,0.29242262540021347
0.0780495704646448,0.17146433041301626,1.0,0.29273504273504275
0.07957768608979239,0.17167919799498746,1.0,0.293048128342246
0.08007488540179616,0.17189460476787954,1.0,0.29336188436830835
0.08050293253892488,0.17232704402515722,1.0,0.2939914163090129
0.08056693285309574,0.172544080604534,1.0,0.29430719656283566
0.08074229285108507,0.17276166456494324,1.0,0.2946236559139785
0.08079914880402102,0.17297979797979798,1.0,0.294940796555436
0.08093586533695303,0.1731984829329962,1.0,0.2952586206896552
0.0814414944385179,0.17341772151898735,1.0,0.29557713052858686
0.08169465794629484,0.17385786802030456,1.0,0.29621621621621624
0.08188729803391742,0.17407878017789072,1.0,0.29653679653679654
0.08217969631131332,0.1743002544529262,1.0,0.29685807150595883
0.08220416275506592,0.17496807151979565,1.0,0.29782608695652174
0.08273118022783424,0.17586649550706032,1.0,0.29912663755458513
0.0831922391731801,0.17654639175257733,1.0,0.30010952902519167
0.08339438552964092,0.1767741935483871,1.0,0.30043859649122806
0.08395399179638442,0.17746113989637305,1.0,0.30143014301430143
0.08395606738732135,0.17815344603381014,1.0,0.30242825607064017
0.08447544652186915,0.17838541666666666,1.0,0.3027624309392265
0.0850022209933398,0.17861799217731422,1.0,0.3030973451327434
0.08528765874652931,0.17885117493472585,1.0,0.3034330011074197
0.0855373083185403,0.1793193717277487,1.0,0.30410654827968925
0.08572624268608822,0.17979002624671916,1.0,0.3047830923248053
0.08613697761033628,0.18050065876152832,1.0,0.30580357142857145
0.0870451858032355,0.18073878627968337,1.0,0.30614525139664805
0.08707928517679837,0.18121693121693122,1.0,0.3068309070548712
0.08722525463005806,0.1814569536423841,1.0,0.3071748878923767
0.08739188608748076,0.18193891102257637,1.0,0.30786516853932583
0.0881353698788924,0.18242343541944075,1.0,0.30855855855855857
0.08906449534326129,0.18266666666666667,1.0,0.3089064261555806
0.08909782328537932,0.1829105473965287,1.0,0.309255079006772
0.08916165561046616,0.1836461126005362,1.0,0.3103057757644394
0.08923060331339962,0.18389261744966443,1.0,0.31065759637188206
0.08937818366885354,0.18413978494623656,1.0,0.31101021566401815
0.08987437263368189,0.18438761776581428,1.0,0.31136363636363634
0.09077955870623641,0.18463611859838275,1.0,0.3117178612059158
0.09107876732087128,0.18488529014844804,1.0,0.3120728929384966
0.0920500919999644,0.18513513513513513,1.0,0.3124287343215507
0.09208029620008068,0.1856368563685637,1.0,0.31314285714285717
0.09229690663150933,0.18639455782312925,1.0,0.31422018348623854
0.09239468852697931,0.18664850136239783,1.0,0.3145809414466131
0.09241543278731222,0.1869031377899045,1.0,0.31494252873563217
0.09318850567227231,0.1871584699453552,1.0,0.31530494821634064
0.09406205605167325,0.18741450068399454,1.0,0.315668202764977
0.09489887596043435,0.18792866941015088,1.0,0.3163972286374134
0.09500584234322751,0.18818681318681318,1.0,0.31676300578034683
0.09507503984031476,0.18844566712517194,1.0,0.31712962962962965
0.09553348151096677,0.1887052341597796,1.0,0.3174971031286211
0.09669055134573398,0.1889655172413793,1.0,0.31786542923433875
0.0969703712393829,0.18948824343015214,1.0,0.3186046511627907
0.09698441609915193,0.18975069252077562,1.0,0.3189755529685681
0.0971339570338264,0.1900138696255201,1.0,0.31934731934731936
0.0977621273621401,0.19027777777777777,1.0,0.31971995332555425
0.0992349801011836,0.19080779944289694,1.0,0.32046783625730996
0.09926530942559204,0.1910739191073919,1.0,0.32084309133489464
0.10005722265585706,0.1916083916083916,1.0,0.3215962441314554
0.10010386363300522,0.19214586255259467,1.0,0.32235294117647056
0.10162673727143336,0.19241573033707865,1.0,0.32273262661955243
0.10235099499752574,0.19295774647887323,1.0,0.3234946871310508
0.10272883325956038,0.19322990126939352,1.0,0.32387706855791965
0.10331852465539683,0.19350282485875706,1.0,0.3242603550295858
0.10371696622296073,0.19377652050919378,1.0,0.3246445497630332
0.10456652026447062,0.19405099150141644,1.0,0.3250296559905101
0.10477107473643898,0.19432624113475178,1.0,0.3254156769596199
0.10479346910195175,0.19460227272727273,1.0,0.3258026159334126
0.10540371522714302,0.19515669515669515,1.0,0.3265792610250298
0.10557103118705197,0.19599427753934193,1.0,0.3277511961722488
0.1056218046514166,0.19627507163323782,1.0,0.3281437125748503
0.10582213021491386,0.19655667144906744,1.0,0.328537170263789
0.10668324889989882,0.1971223021582734,1.0,0.3293269230769231
0.10684906654274563,0.19740634005763688,1.0,0.3297232250300842
0.10906667211043226,0.1976911976911977,1.0,0.3301204819277108
0.10915900145478857,0.19855072463768117,1.0,0.3313180169286578
0.10964268732567166,0.1988388969521045,1.0,0.33171912832929784
0.10983723231702153,0.19941775836972345,1.0,0.3325242718446602
0.11061128027194805,0.2,1.0,0.3333333333333333
0.11171753371614758,0.20029239766081872,1.0,0.3337393422655298
0.11180634818303499,0.2005856515373353,1.0,0.33414634146341465
0.11273153150628848,0.20176730486008837,1.0,0.33578431372549017
0.1127638294580712,0.20206489675516223,1.0,0.3361963190184049
0.11340621340476352,0.20236336779911374,1.0,0.3366093366093366
0.11345257491883419,0.20266272189349113,1.0,0.3370233702337023
0.11374654976893286,0.20296296296296296,1.0,0.3374384236453202
0.11604254356758398,0.2032640949554896,1.0,0.33785450061652283
0.11605753698863645,0.20356612184249628,1.0,0.33827160493827163
0.1171172624199229,0.20386904761904762,1.0,0.33868974042027195
0.11741524433024363,0.20417287630402384,1.0,0.33910891089108913
0.11752980217167604,0.2044776119402985,1.0,0.3395291201982652
0.11794949638653497,0.20478325859491778,1.0,0.3399503722084367
0.1179644031840486,0.20508982035928144,1.0,0.3403726708074534
0.11827827213524023,0.20539730134932535,1.0,0.3407960199004975
0.11844333193802178,0.2066365007541478,1.0,0.3425
0.11877301856272422,0.20694864048338368,1.0,0.3429286608260325
0.11879639213310687,0.2078907435508346,1.0,0.3442211055276382
0.11966232430324657,0.20884146341463414,1.0,0.3455233291298865
0.12023953067162683,0.20916030534351146,1.0,0.34595959595959597
0.12082527530122941,0.20980091883614088,1.0,0.3468354430379747
0.12101626662217713,0.21012269938650308,1.0,0.3472750316856781
0.1223872787280023,0.21044546850998463,1.0,0.3477157360406091
0.12245828247655524,0.21076923076923076,1.0,0.34815756035578144
0.1245931686937837,0.2110939907550077,1.0,0.3486005089058524
0.12465832222086144,0.21141975308641975,1.0,0.3490445859872611
0.12467059372242133,0.2130637636080871,1.0,0.35128205128205126
0.12610851443381457,0.21372854914196568,1.0,0.35218508997429304
0.12752222009191988,0.2140625,1.0,0.35263835263835264
0.1277799217238199,0.21439749608763695,1.0,0.35309278350515466
0.12925384577929303,0.21473354231974923,1.0,0.3535483870967742
0.13058457592561043,0.2150706436420722,1.0,0.35400516795865633
0.1313923273939731,0.21540880503144655,1.0,0.35446313065976714
0.13200641401710864,0.21608832807570977,1.0,0.3553826199740597
0.13238046556873354,0.21642969984202212,1.0,0.35584415584415585
0.13384786515905406,0.21677215189873417,1.0,0.3563068920676203
0.13414199315973865,0.21711568938193343,1.0,0.3567708333333333
0.13556325764290567,0.2178060413354531,1.0,0.3577023498694517
0.13667659472056318,0.21815286624203822,1.0,0.3581699346405229
0.13672651250648354,0.21850079744816586,1.0,0.3586387434554974
0.13726158949536177,0.21884984025559107,1.0,0.35910878112712974
0.1374631072371685,0.2192,1.0,0.35958005249343833
0.13895817656250684,0.22061191626409019,1.0,0.36147757255936674
0.13938061823830317,0.22096774193548388,1.0,0.3619550858652576
0.1399785090964368,0.22132471728594508,1.0,0.36243386243386244
0.14016634253487875,0.22168284789644013,1.0,0.3629139072847682
0.14108993106049195,0.22204213938411668,1.0,0.363395225464191
0.14118049601700094,0.2224025974025974,1.0,0.36387782204515273
0.1418404281275741,0.22276422764227644,1.0,0.36436170212765956
0.14224668490404235,0.2238562091503268,1.0,0.3658210947930574
0.14292419376092869,0.22422258592471359,1.0,0.3663101604278075
0.1439520440817026,0.22495894909688013,1.0,0.3672922252010724
0.14515334559159834,0.22607260726072606,1.0,0.36877523553162855
0.14578159435048962,0.22719734660033167,1.0,0.37027027027027026
0.14580994730240207,0.22757475083056478,1.0,0.37077131258457374
0.14586070188543038,0.22795341098169716,1.0,0.3712737127371274
0.14626740961107723,0.22833333333333333,1.0,0.37177747625508817
0.14861478435724523,0.22909698996655517,1.0,0.3727891156462585
0.14968204861270604,0.22986577181208054,1.0,0.373806275579809
0.14996960929423056,0.23025210084033612,1.0,0.3743169398907104
0.15022972166204,0.23102866779089376,1.0,0.37534246575342467
0.15032011085688562,0.23141891891891891,1.0,0.37585733882030176
0.15117093857130418,0.23181049069373943,1.0,0.37637362637362637
0.15171210402267912,0.23220338983050848,1.0,0.3768913342503439
0.15184835138294706,0.23259762308998302,1.0,0.3774104683195592
0.15206104793918288,0.23339011925042588,1.0,0.3784530386740331
0.152525229222351,0.23499142367066894,1.0,0.38055555555555554
0.15472651069801513,0.23539518900343642,1.0,0.3810848400556328
0.15475036571731804,0.23580034423407917,1.0,0.3816155988857939
0.1553915712269278,0.23620689655172414,1.0,0.3821478382147838
0.156182387257422,0.23661485319516407,1.0,0.38268156424581007
0.15748249811192616,0.23743500866551126,1.0,0.38375350140056025
0.1579776242240709,0.2378472222222222,1.0,0.38429172510518933
0.15890596725444842,0.2382608695652174,1.0,0.3848314606741573
0.1591969854176394,0.23992994746059546,1.0,0.3870056497175141
0.15970372503938515,0.24035087719298245,1.0,0.38755304101838756
0.16103831263951654,0.2420494699646643,1.0,0.38975817923186346
0.16106810130786942,0.2424778761061947,1.0,0.3903133903133903
0.16112852025166163,0.2429078014184397,1.0,0.3908701854493581
0.1618056957328571,0.2433392539964476,1.0,0.3914285714285714
0.16347963483310243,0.24377224199288255,1.0,0.39198855507868385
0.1638536882560568,0.24420677361853832,1.0,0.39255014326647564
0.16431503092736266,0.24508050089445438,1.0,0.3936781609195402
0.1646063532850685,0.2459605026929982,1.0,0.39481268011527376
0.16471531191437544,0.24640287769784172,1.0,0.3953823953823954
0.16501946011791974,0.24684684684684685,1.0,0.3959537572254335
0.1654201296104721,0.24729241877256317,1.0,0.39652677279305354
0.16690981877955266,0.24818840579710144,1.0,0.397677793904209
0.16750217922246635,0.24863883847549909,1.0,0.39825581395348836
0.16765145244191312,0.25,1.0,0.4
0.1687795592113235,0.25045703839122485,1.0,0.40058479532163743
0.17194424824439553,0.25137614678899084,1.0,0.40175953079178883
0.1726907074617554,0.25183823529411764,1.0,0.4023494860499266
0.1729636918186417,0.2523020257826888,1.0,0.40294117647058825
0.1760443163607092,0.25276752767527677,1.0,0.40353460972017674
0.17615167321370964,0.2532347504621072,1.0,0.40412979351032446
0.17692511077982354,0.2541743970315399,1.0,0.40532544378698226
0.17908661813134338,0.25464684014869887,1.0,0.4059259259259259
0.18227989745223822,0.25512104283054005,1.0,0.4065281899109792
0.18295089533207334,0.2555970149253731,1.0,0.40713224368499257
0.1854372784381579,0.2560747663551402,1.0,0.40773809523809523
0.18560652944719597,0.2565543071161049,1.0,0.4083457526080477
0.18630509539000142,0.2580037664783427,1.0,0.4101796407185629
0.18802681358179335,0.25996204933586337,1.0,0.4126506024096386
0.1882175595123554,0.26045627376425856,1.0,0.4132730015082956
0.18925086574915836,0.26145038167938933,1.0,0.4145234493192133
0.19089519110117187,0.26195028680688337,1.0,0.41515151515151516
0.1916311080408362,0.26396917148362237,1.0,0.4176829268292683
0.19165806676131958,0.2644787644787645,1.0,0.4183206106870229
0.1918813080776553,0.26499032882011603,1.0,0.41896024464831805
0.19240507036646873,0.26705653021442494,1.0,0.42153846153846153
0.19260478941808515,0.2691552062868369,1.0,0.4241486068111455
0.19277393042000643,0.2712871287128713,1.0,0.42679127725856697
0.19286150665031052,0.2718253968253968,1.0,0.42745709828393136
0.19398861975649304,0.2729083665338645,1.0,0.4287949921752739
0.19494019824943842,0.27345309381237526,1.0,0.42946708463949845
0.19673102759990058,0.274,1.0,0.4301412872841444
0.2017516974068554,0.2751004016064257,1.0,0.431496062992126
0.20290344155770254,0.27565392354124746,1.0,0.43217665615141954
0.2035958705500035,0.2762096774193548,1.0,0.43285939968404424
0.20383819677712453,0.2773279352226721,1.0,0.43423137876386686
0.20552066978133815,0.2778904665314402,1.0,0.43492063492063493
0.20644682694253025,0.2784552845528455,1.0,0.4356120826709062
0.20683579104888158,0.2790224032586558,1.0,0.43630573248407645
0.20733485673990806,0.2795918367346939,1.0,0.4370015948963317
0.20885189509546578,0.28016359918200406,1.0,0.43769968051118213
0.2099454987846853,0.2807377049180328,1.0,0.4384
0.21163618846717397,0.2813141683778234,1.0,0.4391025641025641
0.21723897263412628,0.28189300411522633,1.0,0.43980738362760835
0.2195086965892431,0.2824742268041237,1.0,0.4405144694533762
0.2199606983645099,0.2830578512396694,1.0,0.44122383252818037
0.22034178186627934,0.2836438923395445,1.0,0.44193548387096776
0.22099111251562037,0.2842323651452282,1.0,0.44264943457189015
0.22159986433068962,0.2860125260960334,1.0,0.4448051948051948
0.22177139489596037,0.28661087866108786,1.0,0.44552845528455287
0.22197327835482392,0.28781512605042014,1.0,0.4469820554649266
0.22287565519062089,0.28842105263157897,1.0,0.4477124183006536
0.22343357313776083,0.28964059196617337,1.0,0.4491803278688525
0.22348595236603133,0.29148936170212764,1.0,0.4514003294892916
0.22752717899577898,0.2921108742004264,1.0,0.4521452145214521
0.22767715996906307,0.29273504273504275,1.0,0.45289256198347105
0.2278912637784353,0.29336188436830835,1.0,0.45364238410596025
0.22873789851687865,0.2946236559139785,1.0,0.45514950166112955
0.22911889482000325,0.2952586206896552,1.0,0.4559068219633943
0.23016766708140152,0.2958963282937365,1.0,0.45666666666666667
0.23129096353661688,0.29653679653679654,1.0,0.4574290484140234
0.23301525993934938,0.29782608695652174,1.0,0.45896147403685095
0.23470682205289534,0.30043859649122806,1.0,0.4620573355817875
0.2349828922671247,0.3010989010989011,1.0,0.46283783783783783
0.23645311033436858,0.30242825607064017,1.0,0.46440677966101696
0.24120835948721558,0.3030973451327434,1.0,0.46519524617996605
0.2436951941104202,0.30580357142857145,1.0,0.4683760683760684
0.24469250486839167,0.3071748878923767,1.0,0.4699828473413379
0.24478938692739824,0.30855855855855857,1.0,0.47160068846815834
0.24513005727756412,0.309255079006772,1.0,0.4724137931034483
0.2466591866971743,0.31065759637188206,1.0,0.4740484429065744
0.24721685226800505,0.3120728929384966,1.0,0.4756944444444444
0.24740932413839475,0.3127853881278539,1.0,0.4765217391304348
0.24775883816494026,0.31422018348623854,1.0,0.4781849912739965
0.24942631172423707,0.31494252873563217,1.0,0.479020979020979
0.2503977045033444,0.315668202764977,1.0,0.4798598949211909
0.25403304020045375,0.3163972286374134,1.0,0.4807017543859649
0.2546177045770972,0.31786542923433875,1.0,0.4823943661971831
0.2551035807863799,0.3186046511627907,1.0,0.48324514991181655
0.2590506277522662,0.31934731934731936,1.0,0.4840989399293286
0.2596527221919482,0.32009345794392524,1.0,0.4849557522123894
0.26112000778779537,0.32084309133489464,1.0,0.4858156028368794
0.2615921587759446,0.32235294117647056,1.0,0.4875444839857651
0.26316945790667,0.32387706855791965,1.0,0.48928571428571427
0.2638027316772283,0.3246445497630332,1.0,0.49016100178890876
0.26388171894472445,0.3261904761904762,1.0,0.4919210053859964
0.2650479192937599,0.3269689737470167,1.0,0.49280575539568344
0.2659313862278841,0.3277511961722488,1.0,0.4936936936936937
0.26655651864017404,0.328537170263789,1.0,0.49458483754512633
0.2673802606563144,0.3293269230769231,1.0,0.49547920433996384
0.267821168224191,0.3309178743961353,1.0,0.49727767695099817
0.2694283179293901,0.33171912832929784,1.0,0.49818181818181817
0.27053192839841145,0.3325242718446602,1.0,0.4990892531876138
0.2714391066698486,0.3333333333333333,1.0,0.5
0.27316074443739335,0.3366093366093366,1.0,0.5036764705882353
0.27352241886261347,0.3374384236453202,1.0,0.5046040515653776
0.275510538777219,0.33910891089108913,1.0,0.5064695009242144
0.2790048607736075,0.3399503722084367,1.0,0.5074074074074074
0.2811136353401668,0.3407960199004975,1.0,0.5083487940630798
0.2845380726518237,0.341645885286783,1.0,0.5092936802973977
0.28845260079725105,0.3425,1.0,0.5102420856610801
0.2963406927471705,0.3433583959899749,1.0,0.5111940298507462
0.2999636174897696,0.3442211055276382,1.0,0.5121495327102804
0.30050622050890585,0.345088161209068,1.0,0.5131086142322098
0.3008372450912768,0.34595959595959597,1.0,0.5140712945590994
0.30144326920606823,0.3468354430379747,1.0,0.5150375939849624
0.3019503969641715,0.3477157360406091,1.0,0.5160075329566854
0.3028469682479236,0.3486005089058524,1.0,0.5169811320754717
0.3055335690911092,0.3494897959183674,1.0,0.5179584120982986
0.30711786800031715,0.35218508997429304,1.0,0.5209125475285171
0.3074243964465029,0.35400516795865633,1.0,0.5229007633587787
0.31624336294052513,0.3549222797927461,1.0,0.5239005736137667
0.3167571821894263,0.3586387434554974,1.0,0.5279383429672447
0.31793939331503906,0.3605263157894737,1.0,0.5299806576402321
0.31812303989556107,0.36147757255936674,1.0,0.5310077519379846
0.31870528054091907,0.36243386243386244,1.0,0.5320388349514563
0.32726208285767927,0.36436170212765956,1.0,0.5341130604288499
0.3280423018376574,0.36533333333333334,1.0,0.53515625
0.33009081917340943,0.3682795698924731,1.0,0.5383104125736738
0.33389521899569047,0.3692722371967655,1.0,0.5393700787401575
0.3346673432849726,0.3712737127371274,1.0,0.541501976284585
0.33526309487414535,0.37228260869565216,1.0,0.5425742574257426
0.3396209716810829,0.37329700272479566,1.0,0.5436507936507936
0.34330218422395387,0.37534246575342467,1.0,0.545816733067729
0.3470774726492664,0.37637362637362637,1.0,0.5469061876247505
0.3510791366314523,0.3774104683195592,1.0,0.548
0.35133956245120046,0.38055555555555554,1.0,0.5513078470824949
0.3537217310399153,0.3816155988857939,1.0,0.5524193548387096
0.3560285179876007,0.38591549295774646,1.0,0.556910569105691
0.35645330938460157,0.3870056497175141,1.0,0.5580448065173116
0.35998165775827035,0.3881019830028329,1.0,0.5591836734693878
0.36028472757264757,0.38920454545454547,1.0,0.5603271983640081
0.36120060659080777,0.3914285714285714,1.0,0.5626283367556468
0.361574575159184,0.39255014326647564,1.0,0.5637860082304527
0.36907467949514305,0.3936781609195402,1.0,0.5649484536082474
0.36913183239857633,0.39481268011527376,1.0,0.5661157024793388
0.3697163420113849,0.40117994100294985,0.9927007299270073,0.5714285714285714
0.37096624397434963,0.4041916167664671,0.9854014598540146,0.5732484076433121
0.3878209930607125,0.40606060606060607,0.9781021897810219,0.5738758029978587
0.3989147302108438,0.4072948328267477,0.9781021897810219,0.575107296137339
0.40462989469279265,0.40978593272171254,0.9781021897810219,0.5775862068965517
0.40557427037428745,0.41358024691358025,0.9781021897810219,0.5813449023861171
0.4059210499047281,0.4174454828660436,0.9781021897810219,0.5851528384279476
0.4095003776733579,0.42138364779874216,0.9781021897810219,0.589010989010989
0.4108760093006311,0.4227129337539432,0.9781021897810219,0.5903083700440529
0.4109830599003057,0.4253968253968254,0.9781021897810219,0.5929203539823009
0.42652615875422595,0.4267515923566879,0.9781021897810219,0.5942350332594235
0.42813955594293174,0.42948717948717946,0.9781021897810219,0.5968819599109132
0.42894150780316437,0.43322475570032576,0.9708029197080292,0.5990990990990991
0.44121187512683574,0.4375,0.9708029197080292,0.6031746031746031
0.4420685842853125,0.44039735099337746,0.9708029197080292,0.6059225512528473
0.4426940090852111,0.44333333333333336,0.9708029197080292,0.6086956521739131
0.44285020199110653,0.4463087248322148,0.9708029197080292,0.6114942528735632
0.45590670749254675,0.45084745762711864,0.9708029197080292,0.6157407407407407
0.45796801281918786,0.4539249146757679,0.9708029197080292,0.6186046511627907
0.461802321123301,0.4602076124567474,0.9708029197080292,0.6244131455399061
0.4711489910503029,0.46503496503496505,0.9708029197080292,0.6288416075650118
0.47353796219882927,0.46996466431095407,0.9708029197080292,0.6333333333333333
0.47685993683925154,0.4714285714285714,0.9635036496350365,0.6330935251798561
0.47791226151578864,0.4748201438848921,0.9635036496350365,0.636144578313253
0.47926287707256177,0.48,0.9635036496350365,0.6407766990291263
0.48006453724586945,0.48175182481751827,0.9635036496350365,0.6423357664233577
0.4847795214318496,0.49070631970260226,0.9635036496350365,0.6502463054187192
0.4881908951794234,0.4981132075471698,0.9635036496350365,0.6567164179104478
0.48957678456438086,0.5038167938931297,0.9635036496350365,0.6616541353383458
0.490389281998276,0.5096525096525096,0.9635036496350365,0.6666666666666666
0.5054703771265505,0.5116279069767442,0.9635036496350365,0.6683544303797468
0.5059081917690269,0.5136186770428015,0.9635036496350365,0.6700507614213198
0.5070417484004444,0.5217391304347826,0.9635036496350365,0.676923076923077
0.5110540136525842,0.5238095238095238,0.9635036496350365,0.6786632390745502
0.5140264993625041,0.5258964143426295,0.9635036496350365,0.6804123711340206
0.5165784599330612,0.5301204819277109,0.9635036496350365,0.6839378238341969
0.5170044625134145,0.532258064516129,0.9635036496350365,0.6857142857142857
0.5198721276291591,0.5365853658536586,0.9635036496350365,0.6892950391644909
0.5210086134950317,0.5387755102040817,0.9635036496350365,0.6910994764397905
0.5233630733457035,0.5409836065573771,0.9635036496350365,0.6929133858267716
0.5249648794323168,0.5432098765432098,0.9635036496350365,0.6947368421052632
0.5263725175416919,0.55,0.9635036496350365,0.7002652519893899
0.528174070701025,0.5617021276595745,0.9635036496350365,0.7096774193548387
0.5281957189822898,0.5641025641025641,0.9635036496350365,0.7115902964959568
0.5283807595283113,0.5689655172413793,0.9635036496350365,0.7154471544715447
0.5286174117825068,0.5739130434782609,0.9635036496350365,0.7193460490463215
0.5428004907760073,0.5764192139737991,0.9635036496350365,0.7213114754098361
0.5475900279361156,0.5789473684210527,0.9635036496350365,0.7232876712328767
0.5630008499910429,0.5803571428571429,0.948905109489051,0.7202216066481995
0.5702273276354928,0.5882352941176471,0.948905109489051,0.7262569832402235
0.575066060912674,0.5963302752293578,0.948905109489051,0.7323943661971831
0.5752551938581181,0.5972222222222222,0.9416058394160584,0.7308781869688386
0.5788163136365395,0.5981308411214953,0.9343065693430657,0.7293447293447294
0.5807953367619113,0.6018957345971564,0.927007299270073,0.7298850574712644
0.5836030828709373,0.6076555023923444,0.927007299270073,0.7341040462427746
0.5857455267956945,0.616504854368932,0.927007299270073,0.7405247813411079
0.5882945966427263,0.6195121951219512,0.927007299270073,0.7426900584795322
0.5906044840091442,0.6225490196078431,0.927007299270073,0.7448680351906158
0.5914785505760503,0.6237623762376238,0.9197080291970803,0.7433628318584071
0.5919683227761193,0.62,0.9051094890510949,0.7359050445103857
0.5929233556191448,0.6275510204081632,0.8978102189781022,0.7387387387387387
0.5970617601640976,0.634020618556701,0.8978102189781022,0.743202416918429
0.5970621284762062,0.6373056994818653,0.8978102189781022,0.7454545454545455
0.6057970964037389,0.643979057591623,0.8978102189781022,0.75
0.6119113133361974,0.6507936507936508,0.8978102189781022,0.754601226993865
0.6135436479742274,0.6648648648648648,0.8978102189781022,0.7639751552795031
0.6259125424582376,0.6721311475409836,0.8978102189781022,0.76875
0.6346631726172339,0.6740331491712708,0.8905109489051095,0.7672955974842768
0.6352185005873876,0.6722222222222223,0.8832116788321168,0.7634069400630915
0.6395769463588976,0.6797752808988764,0.8832116788321168,0.7682539682539683
0.6469900829142402,0.6839080459770115,0.8686131386861314,0.7652733118971061
0.651130684817188,0.6882352941176471,0.8540145985401459,0.762214983713355
0.6569924879568259,0.6987951807228916,0.8467153284671532,0.7656765676567657
0.6613077581582608,0.7073170731707317,0.8467153284671532,0.770764119601329
0.6623305118672431,0.7116564417177914,0.8467153284671532,0.7733333333333333
0.6634935371949277,0.7232704402515723,0.8394160583941606,0.777027027027027
0.6721072152175518,0.7261146496815286,0.8321167883211679,0.7755102040816326
0.673252036860529,0.7354838709677419,0.8321167883211679,0.7808219178082192
0.6747544616843654,0.743421052631579,0.8248175182481752,0.7820069204152249
0.6788663511512057,0.7583892617449665,0.8248175182481752,0.7902097902097902
0.6804692314254506,0.7655172413793103,0.8102189781021898,0.7872340425531915
0.6902045303611891,0.7708333333333334,0.8102189781021898,0.7900355871886121
0.6909114559169283,0.7985611510791367,0.8102189781021898,0.8043478260869565
0.6952343601966458,0.7941176470588235,0.7883211678832117,0.7912087912087912
0.7079834828007562,0.7925925925925926,0.781021897810219,0.7867647058823529
0.7081098042937424,0.7985074626865671,0.781021897810219,0.7896678966789668
0.7082750024563151,0.803030303030303,0.7737226277372263,0.7881040892193308
0.7096642488207591,0.8,0.7591240875912408,0.7790262172284644
0.7116651320965086,0.8062015503875969,0.7591240875912408,0.7819548872180451
0.7217530795259011,0.8125,0.7591240875912408,0.7849056603773585
0.7246523452586944,0.8253968253968254,0.7591240875912408,0.7908745247148289
0.7349385342106626,0.824,0.7518248175182481,0.7862595419847328
0.736037071681323,0.819672131147541,0.7299270072992701,0.7722007722007722
0.7566364751069595,0.8264462809917356,0.7299270072992701,0.7751937984496124
0.7578988100164205,0.8235294117647058,0.7153284671532847,0.765625
0.758661793453996,0.8220338983050848,0.708029197080292,0.7607843137254902
0.7605190796230572,0.8434782608695652,0.708029197080292,0.7698412698412699
0.7680400284752423,0.8421052631578947,0.7007299270072993,0.7649402390438247
0.7694172153988454,0.8392857142857143,0.6861313868613139,0.7550200803212851
0.7722570145332712,0.8468468468468469,0.6861313868613139,0.7580645161290323
0.779061187472155,0.8545454545454545,0.6861313868613139,0.7611336032388664
0.7800374773269806,0.8703703703703703,0.6861313868613139,0.7673469387755102
0.7814897745753374,0.8691588785046729,0.6788321167883211,0.7622950819672131
0.7821961531837542,0.8773584905660378,0.6788321167883211,0.7654320987654321
0.7901797028157265,0.8942307692307693,0.6788321167883211,0.7717842323651453
0.7968422903308087,0.9029126213592233,0.6788321167883211,0.775
0.7993022894420094,0.9117647058823529,0.6788321167883211,0.7782426778242678
0.8021076922831993,0.92,0.6715328467153284,0.7763713080168776
0.8177503492607984,0.9484536082474226,0.6715328467153284,0.7863247863247863
0.8291190650124546,0.9468085106382979,0.6496350364963503,0.7705627705627706
0.8299040212765018,0.946236559139785,0.6423357664233577,0.7652173913043478
0.837860920803585,0.9456521739130435,0.635036496350365,0.759825327510917
0.8466417250812912,0.9666666666666667,0.635036496350365,0.7665198237885462
0.8509705989349091,0.9772727272727273,0.6277372262773723,0.7644444444444445
0.8523622820839754,0.9770114942528736,0.6204379562043796,0.7589285714285714
0.8525083568511385,0.9759036144578314,0.5912408759124088,0.7363636363636363
0.8587622183952504,0.9753086419753086,0.5766423357664233,0.7247706422018348
0.861274262760914,0.9746835443037974,0.5620437956204379,0.7129629629629629
0.8669162528573578,0.9743589743589743,0.5547445255474452,0.7069767441860465
0.8732201332801932,0.974025974025974,0.5474452554744526,0.7009345794392523
0.8761435921045078,0.9736842105263158,0.5401459854014599,0.6948356807511737
0.8787285074549221,0.972972972972973,0.5255474452554745,0.6824644549763034
0.8852176395342994,0.9863013698630136,0.5255474452554745,0.6857142857142857
0.8884030197087911,1.0,0.5255474452554745,0.6889952153110048
0.8905864263755704,1.0,0.5182481751824818,0.6826923076923077
0.8944253793278253,1.0,0.5109489051094891,0.6763285024154589
0.8970669772282337,1.0,0.5036496350364964,0.6699029126213593
0.8982319142130958,1.0,0.49635036496350365,0.6634146341463415
0.9036639660871069,1.0,0.48905109489051096,0.6568627450980392
0.9091245940617458,1.0,0.48175182481751827,0.6502463054187192
0.9128292046390495,1.0,0.4744525547445255,0.6435643564356436
0.9194457000646789,1.0,0.46715328467153283,0.6368159203980099
0.9214124827790002,1.0,0.45985401459854014,0.63
0.9227975634462252,1.0,0.44525547445255476,0.6161616161616161
0.9251799490657042,1.0,0.43795620437956206,0.6091370558375635
0.925530194718377,1.0,0.4233576642335766,0.5948717948717949
0.9307260975424888,1.0,0.41605839416058393,0.5876288659793815
0.9449625823972635,1.0,0.40875912408759124,0.5803108808290155
0.9465053687725609,1.0,0.39416058394160586,0.5654450261780105
0.9534978907637162,1.0,0.3795620437956204,0.5502645502645502
0.956024696496167,1.0,0.36496350364963503,0.5347593582887701
0.9569465467712505,1.0,0.35766423357664234,0.5268817204301075
0.9586902455573267,1.0,0.35036496350364965,0.518918918918919
0.9606872725148409,1.0,0.34306569343065696,0.5108695652173914
0.9668216002328859,1.0,0.3357664233576642,0.5027322404371585
0.9671025418179454,1.0,0.32116788321167883,0.4861878453038674
0.9672942501509949,1.0,0.31386861313868614,0.4777777777777778
0.9702660970239773,1.0,0.29927007299270075,0.4606741573033708
0.9707947481932709,1.0,0.291970802919708,0.4519774011299435
0.9710423631549888,1.0,0.2846715328467153,0.4431818181818182
0.972146625465999,1.0,0.2773722627737226,0.4342857142857143
0.9728370982093323,1.0,0.26277372262773724,0.4161849710982659
0.973325043425713,1.0,0.25547445255474455,0.4069767441860465
0.9737303164647595,1.0,0.24087591240875914,0.38823529411764707
0.9739057693348073,1.0,0.23357664233576642,0.378698224852071
0.9747986249186407,1.0,0.22627737226277372,0.36904761904761907
0.9754757107179961,1.0,0.2116788321167883,0.3493975903614458
0.9766096207034163,1.0,0.20437956204379562,0.3393939393939394
0.9769791686376293,1.0,0.19708029197080293,0.32926829268292684
0.9774749645691652,1.0,0.1897810218978102,0.31901840490797545
0.9784698475380423,1.0,0.18248175182481752,0.30864197530864196
0.9786695071170439,1.0,0.17518248175182483,0.2981366459627329
0.9792269313609958,1.0,0.16058394160583941,0.27672955974842767
0.9796465745947955,1.0,0.15328467153284672,0.26582278481012656
0.9798254145474856,1.0,0.1386861313868613,0.24358974358974358
0.9814860269429962,1.0,0.13138686131386862,0.23225806451612904
0.9818819903461355,1.0,0.12408759124087591,0.22077922077922077
0.9819579069137905,1.0,0.10948905109489052,0.19736842105263158
0.9830304910877442,1.0,0.10218978102189781,0.18543046357615894
0.9839661753068931,1.0,0.08759124087591241,0.1610738255033557
0.9843260346745669,1.0,0.08029197080291971,0.14864864864864866
0.9850627788365436,1.0,0.072992700729927,0.1360544217687075
0.9862618511715739,1.0,0.06569343065693431,0.1232876712328767
0.9909471768124366,1.0,0.051094890510948905,0.09722222222222222
0.9909647019609202,1.0,0.043795620437956206,0.08391608391608392
0.992138911718347,1.0,0.029197080291970802,0.05673758865248227
0.9922476860729353,1.0,0.021897810218978103,0.04285714285714286
0.9928616505281833,1.0,0.014598540145985401,0.02877697841726619
0.9936861572547454,1.0,0.0072992700729927005,0.014492753623188406
1.0,1.0,0.0,0.0
